1668889835.1770375,BTC/USD,SELL,1,19901,Bybit
1668889835.1770375,BTC/USD,SELL,4,19892,dYdX
1668889835.1770375,BTC/USD,SELL,7,19902,FTX
1668889835.1770375,BTC/USD,BUY,2,19910,Binance
1668889835.1770375,BTC/USD,SELL,0,19905,Binance
1668889835.1770375,BTC/USD,SELL,1,19896,dYdX
1668889835.1770375,BTC/USD,BUY,2,19886,dYdX
1668889835.1770375,BTC/USD,BUY,6,19878,Binance
1668889835.1770375,BTC/USD,BUY,5,19887,Bybit
1668889835.1770375,BTC/USD,SELL,3,19897,Binance
1668889835.7410333,BTC/USD,BUY,2,19901,dYdX
1668889835.7410333,BTC/USD,SELL,9,19907,Binance
1668889835.7410333,BTC/USD,BUY,2,19905,FTX
1668889835.7410333,BTC/USD,BUY,9,19899,FTX
1668889835.7410333,BTC/USD,BUY,3,19891,dYdX
1668889835.7410333,BTC/USD,BUY,8,19886,dYdX
1668889835.7410333,BTC/USD,SELL,3,19881,FTX
1668889835.7410333,BTC/USD,SELL,9,19884,dYdX
1668889835.7410333,BTC/USD,SELL,8,19894,dYdX
1668889835.7410333,BTC/USD,BUY,2,19884,dYdX
1668889835.7410333,BTC/USD,SELL,0,19884,Bybit
1668889835.7410333,BTC/USD,SELL,8,19882,dYdX
1668889835.7410333,BTC/USD,BUY,2,19890,Binance
1668889835.7410333,BTC/USD,SELL,8,19897,Bybit
1668889835.7410333,BTC/USD,BUY,3,19892,Bybit
1668889835.7410333,BTC/USD,BUY,2,19889,Binance
1668889835.7410333,BTC/USD,SELL,8,19897,Bybit
1668889835.7410333,BTC/USD,SELL,6,19888,Binance
1668889835.7410333,BTC/USD,SELL,1,19895,FTX
1668889835.7410333,BTC/USD,BUY,0,19888,Binance
1668889835.7410333,BTC/USD,SELL,6,19888,dYdX
1668889835.7410333,BTC/USD,SELL,9,19880,dYdX
1668889835.7410333,BTC/USD,BUY,5,19872,Bybit
1668889835.7410333,BTC/USD,BUY,6,19872,Binance
1668889835.7410333,BTC/USD,BUY,3,19873,Binance
1668889835.7410333,BTC/USD,SELL,4,19872,Binance
1668889835.7410333,BTC/USD,BUY,3,19874,dYdX
1668889835.7410333,BTC/USD,BUY,6,19865,Bybit
1668889835.7410333,BTC/USD,BUY,4,19871,Binance
1668889835.7410333,BTC/USD,BUY,7,19881,dYdX
1668889835.7410333,BTC/USD,BUY,8,19882,Binance
1668889835.7410333,BTC/USD,SELL,8,19882,FTX
1668889835.7410333,BTC/USD,SELL,8,19890,Binance
1668889835.7410333,BTC/USD,BUY,9,19893,Bybit
1668889835.7410333,BTC/USD,BUY,9,19888,FTX
1668889835.7410333,BTC/USD,BUY,1,19887,dYdX
1668889835.7410333,BTC/USD,BUY,5,19889,dYdX
1668889835.7410333,BTC/USD,SELL,1,19895,Bybit
1668889835.7410333,BTC/USD,SELL,2,19900,dYdX
1668889835.7410333,BTC/USD,SELL,4,19907,Binance
1668889835.7410333,BTC/USD,SELL,7,19912,FTX
1668889835.7410333,BTC/USD,BUY,9,19903,Binance
1668889835.7410333,BTC/USD,BUY,1,19910,dYdX
1668889835.7410333,BTC/USD,BUY,1,19909,FTX
1668889835.7410333,BTC/USD,SELL,7,19916,dYdX
1668889835.7410333,BTC/USD,SELL,1,19921,dYdX
1668889835.7410333,BTC/USD,BUY,7,19920,FTX
1668889835.7410333,BTC/USD,SELL,0,19925,Bybit
1668889835.7410333,BTC/USD,BUY,4,19933,FTX
1668889835.7410333,BTC/USD,BUY,8,19935,Bybit
1668889835.7410333,BTC/USD,SELL,2,19926,FTX
1668889835.7410333,BTC/USD,BUY,7,19935,Bybit
1668889835.7410333,BTC/USD,BUY,0,19936,Binance
1668889835.7410333,BTC/USD,SELL,3,19926,Bybit
1668889835.7410333,BTC/USD,SELL,3,19929,Bybit
1668889835.7410333,BTC/USD,BUY,9,19919,Bybit
1668889835.7410333,BTC/USD,BUY,9,19928,Binance
1668889835.7410333,BTC/USD,SELL,5,19920,dYdX
1668889835.7410333,BTC/USD,SELL,6,19928,Binance
1668889835.7410333,BTC/USD,BUY,3,19919,Bybit
1668889835.7410333,BTC/USD,SELL,8,19929,FTX
1668889835.7410333,BTC/USD,SELL,2,19934,FTX
1668889835.7410333,BTC/USD,BUY,8,19931,dYdX
1668889835.7410333,BTC/USD,SELL,0,19923,Binance
1668889835.7410333,BTC/USD,BUY,7,19925,Bybit
1668889835.7410333,BTC/USD,BUY,9,19932,dYdX
1668889835.7410333,BTC/USD,BUY,5,19929,dYdX
1668889835.7410333,BTC/USD,BUY,3,19930,Binance
1668889835.7410333,BTC/USD,BUY,4,19928,Bybit
1668889835.7410333,BTC/USD,BUY,6,19930,Bybit
1668889835.7410333,BTC/USD,BUY,7,19935,Binance
1668889835.7410333,BTC/USD,BUY,4,19945,FTX
1668889835.7410333,BTC/USD,BUY,8,19954,FTX
1668889835.7410333,BTC/USD,BUY,0,19964,dYdX
1668889835.7410333,BTC/USD,BUY,6,19965,Bybit
1668889835.7410333,BTC/USD,SELL,6,19955,FTX
1668889835.7410333,BTC/USD,SELL,3,19950,Bybit
1668889835.7410333,BTC/USD,BUY,4,19943,dYdX
1668889835.7410333,BTC/USD,BUY,2,19937,dYdX
1668889835.7410333,BTC/USD,SELL,4,19938,FTX
1668889835.7410333,BTC/USD,BUY,7,19940,FTX
1668889835.7410333,BTC/USD,BUY,0,19930,FTX
1668889835.7410333,BTC/USD,BUY,1,19937,Binance
1668889835.7410333,BTC/USD,SELL,0,19936,Binance
1668889835.7410333,BTC/USD,BUY,8,19926,FTX
1668889835.7410333,BTC/USD,BUY,4,19934,dYdX
1668889835.7410333,BTC/USD,SELL,7,19927,FTX
1668889835.7410333,BTC/USD,SELL,0,19923,Bybit
1668889835.7410333,BTC/USD,SELL,2,19926,Binance
1668889835.7410333,BTC/USD,BUY,8,19924,FTX
1668889835.7410333,BTC/USD,BUY,1,19925,Binance
1668889835.7410333,BTC/USD,SELL,6,19932,Bybit
1668889835.7410333,BTC/USD,SELL,7,19933,FTX
1668889835.7410333,BTC/USD,BUY,7,19939,FTX
1668889835.7410333,BTC/USD,BUY,1,19935,FTX
1668889835.7410333,BTC/USD,SELL,7,19931,dYdX
1668889835.7410333,BTC/USD,SELL,1,19930,dYdX
1668889835.7410333,BTC/USD,SELL,8,19924,Binance
1668889835.7410333,BTC/USD,BUY,7,19924,FTX
1668889835.7410333,BTC/USD,BUY,4,19930,dYdX
1668889835.7410333,BTC/USD,SELL,1,19922,Binance
1668889835.7410333,BTC/USD,BUY,0,19912,Binance
1668889835.7410333,BTC/USD,SELL,9,19915,FTX
1668889835.7410333,BTC/USD,BUY,2,19925,dYdX
1668889835.7410333,BTC/USD,BUY,0,19926,FTX
1668889835.7410333,BTC/USD,BUY,3,19917,Bybit
1668889835.7410333,BTC/USD,BUY,6,19916,Binance
1668889835.7410333,BTC/USD,SELL,5,19906,FTX
1668889835.7410333,BTC/USD,BUY,9,19914,Bybit
1668889835.7410333,BTC/USD,BUY,8,19922,Binance
1668889835.7410333,BTC/USD,BUY,1,19924,Bybit
1668889835.7410333,BTC/USD,SELL,0,19921,dYdX
1668889835.7410333,BTC/USD,BUY,6,19918,Bybit
1668889835.7410333,BTC/USD,SELL,9,19910,FTX
1668889835.7410333,BTC/USD,SELL,5,19920,Binance
1668889835.7410333,BTC/USD,BUY,6,19924,Binance
1668889835.7410333,BTC/USD,BUY,9,19926,Bybit
1668889835.7410333,BTC/USD,BUY,2,19917,FTX
1668889835.7410333,BTC/USD,SELL,8,19920,Binance
1668889835.7410333,BTC/USD,BUY,7,19911,FTX
1668889835.7410333,BTC/USD,SELL,0,19915,dYdX
1668889835.7410333,BTC/USD,SELL,8,19918,Binance
1668889835.7410333,BTC/USD,SELL,5,19912,Bybit
1668889835.7410333,BTC/USD,BUY,3,19922,Bybit
1668889835.7410333,BTC/USD,BUY,3,19921,dYdX
1668889835.7410333,BTC/USD,BUY,1,19927,FTX
1668889835.7410333,BTC/USD,SELL,2,19931,FTX
1668889835.7410333,BTC/USD,SELL,4,19930,FTX
1668889835.7410333,BTC/USD,SELL,3,19923,FTX
1668889835.7410333,BTC/USD,BUY,2,19921,Binance
1668889835.7410333,BTC/USD,BUY,9,19921,Binance
1668889835.7410333,BTC/USD,BUY,0,19915,Bybit
1668889835.7410333,BTC/USD,SELL,8,19920,FTX
1668889835.7410333,BTC/USD,BUY,8,19917,Bybit
1668889835.7410333,BTC/USD,BUY,3,19916,Binance
1668889835.7410333,BTC/USD,SELL,3,19914,Binance
1668889835.7410333,BTC/USD,SELL,5,19918,Binance
1668889835.7410333,BTC/USD,BUY,2,19914,FTX
1668889835.7410333,BTC/USD,SELL,1,19906,FTX
1668889835.7410333,BTC/USD,BUY,1,19899,Binance
1668889835.7410333,BTC/USD,SELL,5,19897,FTX
1668889835.7410333,BTC/USD,SELL,2,19897,Binance
1668889835.7410333,BTC/USD,BUY,4,19906,FTX
1668889835.7410333,BTC/USD,BUY,5,19897,Binance
1668889835.7410333,BTC/USD,BUY,2,19896,dYdX
1668889835.7410333,BTC/USD,BUY,6,19898,Bybit
1668889835.7410333,BTC/USD,BUY,3,19891,Bybit
1668889835.7410333,BTC/USD,SELL,4,19899,Binance
1668889835.7410333,BTC/USD,BUY,1,19901,FTX
1668889835.7410333,BTC/USD,BUY,3,19903,dYdX
1668889835.7410333,BTC/USD,SELL,8,19897,FTX
1668889835.7410333,BTC/USD,SELL,0,19906,dYdX
1668889835.7410333,BTC/USD,SELL,3,19906,FTX
1668889835.7410333,BTC/USD,SELL,9,19899,Bybit
1668889835.7410333,BTC/USD,BUY,9,19890,FTX
1668889835.7410333,BTC/USD,SELL,9,19888,FTX
1668889835.7410333,BTC/USD,BUY,4,19896,Binance
1668889835.7410333,BTC/USD,BUY,7,19899,Bybit
1668889835.7410333,BTC/USD,SELL,8,19897,FTX
1668889835.7410333,BTC/USD,BUY,3,19907,Bybit
1668889835.7410333,BTC/USD,BUY,6,19900,FTX
1668889835.7410333,BTC/USD,SELL,0,19894,Bybit
1668889835.7410333,BTC/USD,SELL,0,19885,Binance
1668889835.7410333,BTC/USD,SELL,4,19885,Binance
1668889835.7410333,BTC/USD,SELL,1,19875,dYdX
1668889835.7410333,BTC/USD,SELL,5,19865,Binance
1668889835.7410333,BTC/USD,BUY,7,19867,dYdX
1668889835.7410333,BTC/USD,SELL,8,19873,Bybit
1668889835.7410333,BTC/USD,BUY,6,19880,Binance
1668889835.7410333,BTC/USD,BUY,7,19887,FTX
1668889835.7410333,BTC/USD,SELL,7,19896,Binance
1668889835.7410333,BTC/USD,SELL,4,19900,FTX
1668889835.7410333,BTC/USD,SELL,9,19908,FTX
1668889835.7410333,BTC/USD,SELL,8,19913,FTX
1668889835.7420342,BTC/USD,BUY,7,19923,FTX
1668889835.7420342,BTC/USD,BUY,5,19921,FTX
1668889835.7420342,BTC/USD,SELL,5,19913,dYdX
1668889835.7420342,BTC/USD,SELL,2,19916,FTX
1668889835.7420342,BTC/USD,BUY,6,19906,Binance
1668889835.7420342,BTC/USD,SELL,7,19916,Bybit
1668889835.7420342,BTC/USD,SELL,0,19909,Binance
1668889835.7420342,BTC/USD,BUY,6,19911,dYdX
1668889835.7420342,BTC/USD,BUY,0,19905,Bybit
1668889835.7420342,BTC/USD,SELL,1,19915,dYdX
1668889835.7420342,BTC/USD,BUY,2,19918,Binance
1668889835.7420342,BTC/USD,BUY,9,19911,Bybit
1668889835.7420342,BTC/USD,SELL,4,19904,FTX
1668889835.7420342,BTC/USD,BUY,6,19912,Bybit
1668889835.7420342,BTC/USD,BUY,0,19920,Binance
1668889835.7420342,BTC/USD,BUY,7,19928,dYdX
1668889835.7420342,BTC/USD,SELL,1,19933,dYdX
1668889835.7420342,BTC/USD,SELL,1,19939,Binance
1668889835.7420342,BTC/USD,SELL,9,19948,Bybit
1668889835.7420342,BTC/USD,SELL,8,19956,Binance
1668889835.7420342,BTC/USD,BUY,0,19948,Bybit
1668889835.7420342,BTC/USD,SELL,6,19946,dYdX
1668889835.7420342,BTC/USD,SELL,1,19942,FTX
1668889835.7420342,BTC/USD,SELL,2,19949,FTX
1668889835.7420342,BTC/USD,SELL,4,19954,dYdX
1668889835.7420342,BTC/USD,SELL,0,19954,Bybit
1668889835.7420342,BTC/USD,BUY,7,19947,FTX
1668889835.7420342,BTC/USD,SELL,0,19948,Bybit
1668889835.7420342,BTC/USD,BUY,5,19947,dYdX
1668889835.7420342,BTC/USD,BUY,6,19954,dYdX
1668889835.7420342,BTC/USD,SELL,3,19944,dYdX
1668889835.7420342,BTC/USD,SELL,3,19941,FTX
1668889835.7420342,BTC/USD,BUY,0,19940,Binance
1668889835.7420342,BTC/USD,SELL,7,19941,dYdX
1668889835.7420342,BTC/USD,SELL,8,19943,Binance
1668889835.7420342,BTC/USD,BUY,1,19953,FTX
1668889835.7420342,BTC/USD,SELL,6,19948,dYdX
1668889835.7420342,BTC/USD,BUY,1,19956,Bybit
1668889835.7420342,BTC/USD,SELL,9,19948,dYdX
1668889835.7420342,BTC/USD,SELL,7,19946,Binance
1668889835.7420342,BTC/USD,SELL,2,19942,dYdX
1668889835.7420342,BTC/USD,BUY,9,19950,dYdX
1668889835.7420342,BTC/USD,BUY,8,19957,FTX
1668889835.7420342,BTC/USD,SELL,3,19967,Bybit
1668889835.7420342,BTC/USD,SELL,1,19977,Binance
1668889835.7420342,BTC/USD,SELL,2,19978,dYdX
1668889835.7420342,BTC/USD,SELL,8,19985,Binance
1668889835.7420342,BTC/USD,BUY,0,19994,Binance
1668889835.7420342,BTC/USD,BUY,7,19987,Binance
1668889835.7420342,BTC/USD,BUY,4,19979,Binance
1668889835.7420342,BTC/USD,SELL,8,19969,Binance
1668889835.7420342,BTC/USD,BUY,4,19970,Binance
1668889835.7420342,BTC/USD,SELL,1,19965,Bybit
1668889835.7420342,BTC/USD,SELL,1,19957,Bybit
1668889835.7420342,BTC/USD,BUY,8,19952,Bybit
1668889835.7420342,BTC/USD,SELL,9,19956,Binance
1668889835.7420342,BTC/USD,BUY,7,19960,Bybit
1668889835.7420342,BTC/USD,BUY,8,19954,Bybit
1668889835.7420342,BTC/USD,BUY,6,19960,Bybit
1668889835.7420342,BTC/USD,BUY,1,19954,FTX
1668889835.7420342,BTC/USD,SELL,3,19945,FTX
1668889835.7420342,BTC/USD,SELL,4,19954,Bybit
1668889835.7420342,BTC/USD,BUY,8,19948,dYdX
1668889835.7420342,BTC/USD,SELL,1,19951,Bybit
1668889835.7420342,BTC/USD,BUY,2,19950,Bybit
1668889835.7420342,BTC/USD,BUY,7,19942,FTX
1668889835.7420342,BTC/USD,BUY,6,19935,dYdX
1668889835.7420342,BTC/USD,BUY,7,19928,Bybit
1668889835.7420342,BTC/USD,SELL,0,19923,dYdX
1668889835.7420342,BTC/USD,SELL,4,19930,FTX
1668889835.7420342,BTC/USD,SELL,4,19927,dYdX
1668889835.7420342,BTC/USD,BUY,5,19926,dYdX
1668889835.7420342,BTC/USD,BUY,0,19929,FTX
1668889835.7420342,BTC/USD,SELL,9,19920,FTX
1668889835.7420342,BTC/USD,SELL,0,19923,Binance
1668889835.7420342,BTC/USD,BUY,6,19913,Binance
1668889835.7420342,BTC/USD,BUY,2,19914,Bybit
1668889835.7420342,BTC/USD,BUY,6,19907,Binance
1668889835.7420342,BTC/USD,SELL,5,19902,dYdX
1668889835.7420342,BTC/USD,BUY,8,19901,dYdX
1668889835.7420342,BTC/USD,SELL,9,19898,FTX
1668889835.7420342,BTC/USD,SELL,8,19907,dYdX
1668889835.7420342,BTC/USD,SELL,7,19901,dYdX
1668889835.7420342,BTC/USD,SELL,2,19896,FTX
1668889835.7420342,BTC/USD,SELL,5,19893,FTX
1668889835.7420342,BTC/USD,BUY,9,19887,FTX
1668889835.7420342,BTC/USD,BUY,4,19882,Binance
1668889835.7420342,BTC/USD,SELL,3,19876,dYdX
1668889835.7420342,BTC/USD,SELL,9,19873,Bybit
1668889835.7420342,BTC/USD,SELL,9,19868,dYdX
1668889835.7420342,BTC/USD,SELL,4,19861,Binance
1668889835.7420342,BTC/USD,BUY,1,19854,FTX
1668889835.7420342,BTC/USD,SELL,9,19848,FTX
1668889835.7420342,BTC/USD,BUY,0,19838,dYdX
1668889835.7420342,BTC/USD,SELL,6,19840,dYdX
1668889835.7420342,BTC/USD,SELL,3,19847,Binance
1668889835.7420342,BTC/USD,SELL,3,19847,dYdX
1668889835.7420342,BTC/USD,BUY,1,19850,Bybit
1668889835.7420342,BTC/USD,BUY,2,19843,dYdX
1668889835.7420342,BTC/USD,BUY,9,19848,Binance
1668889835.7420342,BTC/USD,BUY,7,19853,FTX
1668889835.7420342,BTC/USD,SELL,4,19852,Binance
1668889835.7420342,BTC/USD,SELL,2,19844,dYdX
1668889835.7420342,BTC/USD,BUY,1,19838,FTX
1668889835.7420342,BTC/USD,BUY,2,19843,FTX
1668889835.7420342,BTC/USD,SELL,7,19850,Binance
1668889835.7420342,BTC/USD,BUY,6,19853,Bybit
1668889835.7420342,BTC/USD,SELL,4,19850,dYdX
1668889835.7420342,BTC/USD,BUY,7,19856,FTX
1668889835.7420342,BTC/USD,SELL,7,19849,Bybit
1668889835.7420342,BTC/USD,BUY,7,19840,Binance
1668889835.7420342,BTC/USD,SELL,2,19833,FTX
1668889835.7420342,BTC/USD,SELL,1,19842,dYdX
1668889835.7420342,BTC/USD,SELL,4,19842,FTX
1668889835.7420342,BTC/USD,SELL,3,19847,dYdX
1668889835.7420342,BTC/USD,BUY,7,19854,Binance
1668889835.7420342,BTC/USD,BUY,7,19858,Bybit
1668889835.7420342,BTC/USD,SELL,6,19853,Bybit
1668889835.7420342,BTC/USD,SELL,4,19859,Binance
1668889835.7420342,BTC/USD,BUY,2,19865,dYdX
1668889835.7420342,BTC/USD,SELL,6,19860,FTX
1668889835.7420342,BTC/USD,SELL,0,19864,Bybit
1668889835.7420342,BTC/USD,BUY,1,19872,Binance
1668889835.7420342,BTC/USD,SELL,1,19862,dYdX
1668889835.7420342,BTC/USD,BUY,2,19852,Bybit
1668889835.7420342,BTC/USD,BUY,8,19844,dYdX
1668889835.7420342,BTC/USD,SELL,7,19850,Bybit
1668889835.7420342,BTC/USD,SELL,2,19841,dYdX
1668889835.7420342,BTC/USD,BUY,4,19851,dYdX
1668889835.7420342,BTC/USD,SELL,1,19841,dYdX
1668889835.7420342,BTC/USD,SELL,3,19842,Binance
1668889835.7420342,BTC/USD,SELL,7,19847,FTX
1668889835.7420342,BTC/USD,SELL,7,19847,Bybit
1668889835.7420342,BTC/USD,SELL,9,19853,FTX
1668889835.7420342,BTC/USD,SELL,7,19850,Binance
1668889835.7420342,BTC/USD,SELL,6,19859,Bybit
1668889835.7420342,BTC/USD,BUY,0,19856,Binance
1668889835.7420342,BTC/USD,BUY,2,19855,FTX
1668889835.7420342,BTC/USD,BUY,2,19858,Bybit
1668889835.7420342,BTC/USD,SELL,7,19863,dYdX
1668889835.7420342,BTC/USD,BUY,7,19862,dYdX
1668889835.7420342,BTC/USD,SELL,2,19863,Binance
1668889835.7420342,BTC/USD,BUY,4,19859,Bybit
1668889835.7420342,BTC/USD,BUY,8,19854,FTX
1668889835.7420342,BTC/USD,BUY,1,19844,Bybit
1668889835.7420342,BTC/USD,SELL,5,19839,Binance
1668889835.7420342,BTC/USD,SELL,7,19845,Binance
1668889835.7420342,BTC/USD,SELL,4,19845,FTX
1668889835.7420342,BTC/USD,SELL,1,19850,FTX
1668889835.7420342,BTC/USD,BUY,8,19844,FTX
1668889835.7420342,BTC/USD,SELL,0,19853,Bybit
1668889835.7420342,BTC/USD,BUY,3,19858,Binance
1668889835.7420342,BTC/USD,BUY,3,19863,Bybit
1668889835.7420342,BTC/USD,BUY,9,19872,Bybit
1668889835.7420342,BTC/USD,SELL,4,19866,Bybit
1668889835.7420342,BTC/USD,SELL,8,19866,FTX
1668889835.7420342,BTC/USD,BUY,0,19870,Bybit
1668889835.7420342,BTC/USD,SELL,0,19870,Bybit
1668889835.7420342,BTC/USD,BUY,5,19861,Bybit
1668889835.7420342,BTC/USD,SELL,7,19859,Binance
1668889835.7420342,BTC/USD,SELL,1,19862,FTX
1668889835.7420342,BTC/USD,SELL,6,19864,Binance
1668889835.7420342,BTC/USD,BUY,5,19857,Binance
1668889835.7420342,BTC/USD,BUY,9,19848,FTX
1668889835.7420342,BTC/USD,SELL,1,19854,dYdX
1668889835.7420342,BTC/USD,BUY,9,19855,Bybit
1668889835.7420342,BTC/USD,BUY,4,19849,Bybit
1668889835.7420342,BTC/USD,SELL,6,19841,Bybit
1668889835.7420342,BTC/USD,SELL,1,19843,FTX
1668889835.7420342,BTC/USD,BUY,2,19835,dYdX
1668889835.7420342,BTC/USD,SELL,2,19841,FTX
1668889835.7420342,BTC/USD,BUY,2,19847,Bybit
1668889835.7420342,BTC/USD,SELL,0,19849,dYdX
1668889835.7420342,BTC/USD,SELL,3,19859,dYdX
1668889835.7420342,BTC/USD,BUY,1,19856,FTX
1668889835.7420342,BTC/USD,SELL,5,19851,Binance
1668889835.7420342,BTC/USD,BUY,3,19852,FTX
1668889835.7420342,BTC/USD,SELL,1,19860,Binance
1668889835.7420342,BTC/USD,SELL,1,19870,Binance
1668889835.7420342,BTC/USD,SELL,1,19863,Binance
1668889835.7420342,BTC/USD,BUY,7,19854,FTX
1668889835.7420342,BTC/USD,SELL,6,19857,dYdX
1668889835.7420342,BTC/USD,SELL,8,19851,Binance
1668889835.7420342,BTC/USD,BUY,5,19841,dYdX
1668889835.7420342,BTC/USD,SELL,8,19848,Binance
1668889835.7420342,BTC/USD,BUY,9,19842,dYdX
1668889835.7420342,BTC/USD,BUY,7,19838,FTX
1668889835.7420342,BTC/USD,BUY,0,19829,dYdX
1668889835.7420342,BTC/USD,SELL,6,19826,Bybit
1668889835.7420342,BTC/USD,SELL,1,19836,dYdX
1668889835.7420342,BTC/USD,SELL,7,19834,dYdX
1668889835.7420342,BTC/USD,SELL,9,19842,Bybit
1668889835.7420342,BTC/USD,BUY,1,19834,Binance
1668889835.7420342,BTC/USD,BUY,3,19837,FTX
1668889835.7420342,BTC/USD,BUY,9,19846,dYdX
1668889835.7420342,BTC/USD,SELL,1,19849,dYdX
1668889835.7430303,BTC/USD,BUY,4,19857,FTX
1668889835.7430303,BTC/USD,BUY,4,19849,dYdX
1668889835.7430303,BTC/USD,SELL,6,19846,FTX
1668889835.7430303,BTC/USD,BUY,9,19844,FTX
1668889835.7430303,BTC/USD,SELL,5,19836,Binance
1668889835.7430303,BTC/USD,BUY,4,19843,Binance
1668889835.7430303,BTC/USD,BUY,3,19842,FTX
1668889835.7430303,BTC/USD,BUY,5,19845,FTX
1668889835.7430303,BTC/USD,BUY,9,19840,dYdX
1668889835.7430303,BTC/USD,BUY,1,19833,FTX
1668889835.7430303,BTC/USD,BUY,0,19828,FTX
1668889835.7430303,BTC/USD,SELL,0,19838,Binance
1668889835.7430303,BTC/USD,BUY,6,19830,Bybit
1668889835.7430303,BTC/USD,SELL,2,19833,dYdX
1668889835.7430303,BTC/USD,SELL,3,19837,dYdX
1668889835.7430303,BTC/USD,BUY,9,19830,Bybit
1668889835.7430303,BTC/USD,SELL,2,19828,Binance
1668889835.7430303,BTC/USD,SELL,5,19834,Bybit
1668889835.7430303,BTC/USD,SELL,7,19824,Bybit
1668889835.7430303,BTC/USD,SELL,4,19823,Bybit
1668889835.7430303,BTC/USD,SELL,2,19821,dYdX
1668889835.7430303,BTC/USD,SELL,8,19811,Bybit
1668889835.7430303,BTC/USD,BUY,5,19805,dYdX
1668889835.7430303,BTC/USD,BUY,2,19795,Binance
1668889835.7430303,BTC/USD,SELL,7,19796,FTX
1668889835.7430303,BTC/USD,BUY,7,19789,Binance
1668889835.7430303,BTC/USD,BUY,1,19788,Binance
1668889835.7430303,BTC/USD,BUY,5,19796,dYdX
1668889835.7430303,BTC/USD,BUY,5,19795,Binance
1668889835.7430303,BTC/USD,BUY,1,19793,Bybit
1668889835.7430303,BTC/USD,BUY,8,19802,FTX
1668889835.7430303,BTC/USD,BUY,7,19794,Binance
1668889835.7430303,BTC/USD,BUY,7,19804,FTX
1668889835.7430303,BTC/USD,SELL,6,19798,Binance
1668889835.7430303,BTC/USD,BUY,2,19798,Bybit
1668889835.7430303,BTC/USD,SELL,5,19807,Bybit
1668889835.7430303,BTC/USD,SELL,2,19803,FTX
1668889835.7430303,BTC/USD,BUY,5,19809,FTX
1668889835.7430303,BTC/USD,SELL,2,19807,dYdX
1668889835.7430303,BTC/USD,SELL,4,19798,Bybit
1668889835.7430303,BTC/USD,SELL,2,19807,FTX
1668889835.7430303,BTC/USD,SELL,2,19801,FTX
1668889835.7430303,BTC/USD,BUY,1,19808,dYdX
1668889835.7430303,BTC/USD,SELL,1,19809,dYdX
1668889835.7430303,BTC/USD,BUY,7,19807,dYdX
1668889835.7430303,BTC/USD,SELL,0,19816,Bybit
1668889835.7430303,BTC/USD,SELL,5,19816,Bybit
1668889835.7430303,BTC/USD,SELL,0,19818,FTX
1668889835.7430303,BTC/USD,BUY,2,19813,Binance
1668889835.7430303,BTC/USD,SELL,3,19820,Binance
1668889835.7430303,BTC/USD,BUY,6,19824,dYdX
1668889835.7430303,BTC/USD,BUY,7,19819,Bybit
1668889835.7430303,BTC/USD,SELL,7,19815,Bybit
1668889835.7430303,BTC/USD,SELL,1,19805,FTX
1668889835.7430303,BTC/USD,SELL,7,19804,dYdX
1668889835.7430303,BTC/USD,SELL,4,19808,Binance
1668889835.7430303,BTC/USD,SELL,7,19811,Binance
1668889835.7430303,BTC/USD,BUY,5,19804,FTX
1668889835.7430303,BTC/USD,BUY,9,19809,Binance
1668889835.7430303,BTC/USD,BUY,5,19817,Bybit
1668889835.7430303,BTC/USD,BUY,6,19820,dYdX
1668889835.7430303,BTC/USD,SELL,6,19821,Bybit
1668889835.7430303,BTC/USD,BUY,1,19826,FTX
1668889835.7430303,BTC/USD,SELL,8,19826,dYdX
1668889835.7430303,BTC/USD,SELL,7,19834,Binance
1668889835.7430303,BTC/USD,SELL,0,19838,Bybit
1668889835.7430303,BTC/USD,BUY,0,19831,FTX
1668889835.7430303,BTC/USD,SELL,3,19832,Bybit
1668889835.7430303,BTC/USD,BUY,6,19840,Bybit
1668889835.7430303,BTC/USD,BUY,0,19846,Bybit
1668889835.7430303,BTC/USD,SELL,8,19836,Binance
1668889835.7430303,BTC/USD,BUY,6,19833,Bybit
1668889835.7430303,BTC/USD,SELL,3,19842,dYdX
1668889835.7430303,BTC/USD,SELL,2,19845,Bybit
1668889835.7430303,BTC/USD,SELL,9,19851,Bybit
1668889835.7430303,BTC/USD,BUY,9,19857,Bybit
1668889835.7430303,BTC/USD,BUY,8,19858,Binance
1668889835.7430303,BTC/USD,SELL,7,19854,Binance
1668889835.7430303,BTC/USD,BUY,8,19861,Binance
1668889835.7430303,BTC/USD,SELL,2,19859,dYdX
1668889835.7430303,BTC/USD,SELL,0,19855,dYdX
1668889835.7430303,BTC/USD,BUY,1,19865,dYdX
1668889835.7430303,BTC/USD,SELL,4,19868,Bybit
1668889835.7430303,BTC/USD,SELL,0,19871,FTX
1668889835.7430303,BTC/USD,BUY,4,19874,Binance
1668889835.7430303,BTC/USD,BUY,8,19878,dYdX
1668889835.7430303,BTC/USD,BUY,1,19887,Bybit
1668889835.7430303,BTC/USD,BUY,2,19886,Binance
1668889835.7430303,BTC/USD,SELL,5,19880,dYdX
1668889835.7430303,BTC/USD,SELL,1,19875,Bybit
1668889835.7430303,BTC/USD,BUY,5,19882,FTX
1668889835.7430303,BTC/USD,SELL,0,19874,Bybit
1668889835.7430303,BTC/USD,BUY,7,19870,Bybit
1668889835.7430303,BTC/USD,BUY,5,19869,Binance
1668889835.7430303,BTC/USD,BUY,5,19870,dYdX
1668889835.7430303,BTC/USD,BUY,8,19874,FTX
1668889835.7430303,BTC/USD,BUY,3,19879,Bybit
1668889835.7430303,BTC/USD,SELL,0,19878,FTX
1668889835.7430303,BTC/USD,BUY,1,19883,dYdX
1668889835.7430303,BTC/USD,SELL,4,19883,Bybit
1668889835.7430303,BTC/USD,SELL,1,19877,Bybit
1668889835.7430303,BTC/USD,SELL,0,19886,Bybit
1668889835.7430303,BTC/USD,BUY,5,19891,dYdX
1668889835.7430303,BTC/USD,SELL,8,19890,FTX
1668889835.7430303,BTC/USD,BUY,5,19899,Bybit
1668889835.7430303,BTC/USD,BUY,9,19903,Bybit
1668889835.7430303,BTC/USD,BUY,2,19910,Bybit
1668889835.7430303,BTC/USD,BUY,5,19910,dYdX
1668889835.7430303,BTC/USD,SELL,9,19918,Binance
1668889835.7430303,BTC/USD,BUY,9,19908,dYdX
1668889835.7430303,BTC/USD,SELL,8,19903,Binance
1668889835.7430303,BTC/USD,BUY,8,19902,dYdX
1668889835.7430303,BTC/USD,SELL,7,19901,Binance
1668889835.7430303,BTC/USD,BUY,6,19904,Binance
1668889835.7430303,BTC/USD,BUY,0,19898,Binance
1668889835.7430303,BTC/USD,SELL,9,19906,Bybit
1668889835.7430303,BTC/USD,SELL,4,19902,Binance
1668889835.7430303,BTC/USD,SELL,7,19903,dYdX
1668889835.7430303,BTC/USD,SELL,4,19907,FTX
1668889835.7430303,BTC/USD,SELL,1,19911,FTX
1668889835.7430303,BTC/USD,SELL,8,19906,FTX
1668889835.7430303,BTC/USD,SELL,9,19902,Binance
1668889835.7430303,BTC/USD,SELL,5,19901,FTX
1668889835.7430303,BTC/USD,BUY,3,19898,Binance
1668889835.7430303,BTC/USD,BUY,8,19905,dYdX
1668889835.7430303,BTC/USD,BUY,9,19902,FTX
1668889835.7430303,BTC/USD,BUY,2,19893,Bybit
1668889835.7430303,BTC/USD,SELL,3,19898,dYdX
1668889835.7430303,BTC/USD,SELL,4,19894,Bybit
1668889835.7430303,BTC/USD,SELL,7,19892,dYdX
1668889835.7430303,BTC/USD,SELL,6,19897,Bybit
1668889835.7430303,BTC/USD,BUY,5,19890,dYdX
1668889835.7430303,BTC/USD,BUY,7,19891,FTX
1668889835.7430303,BTC/USD,BUY,0,19889,Binance
1668889835.7430303,BTC/USD,BUY,5,19891,FTX
1668889835.7430303,BTC/USD,SELL,3,19891,Bybit
1668889835.7430303,BTC/USD,BUY,2,19883,dYdX
1668889835.7430303,BTC/USD,BUY,6,19874,Binance
1668889835.7430303,BTC/USD,BUY,3,19865,Binance
1668889835.7430303,BTC/USD,SELL,2,19857,FTX
1668889835.7430303,BTC/USD,SELL,9,19865,FTX
1668889835.7430303,BTC/USD,SELL,3,19864,Bybit
1668889835.7430303,BTC/USD,BUY,4,19856,dYdX
1668889835.7430303,BTC/USD,SELL,4,19848,Bybit
1668889835.7430303,BTC/USD,SELL,9,19856,FTX
1668889835.7430303,BTC/USD,SELL,5,19865,FTX
1668889835.7430303,BTC/USD,BUY,8,19871,Bybit
1668889835.7430303,BTC/USD,BUY,7,19873,FTX
1668889835.7430303,BTC/USD,SELL,6,19863,Bybit
1668889835.7430303,BTC/USD,BUY,6,19873,Bybit
1668889835.7430303,BTC/USD,BUY,8,19879,FTX
1668889835.7430303,BTC/USD,SELL,0,19873,dYdX
1668889835.7430303,BTC/USD,BUY,2,19868,Bybit
1668889835.7430303,BTC/USD,BUY,6,19865,Binance
1668889835.7430303,BTC/USD,BUY,2,19866,Bybit
1668889835.7430303,BTC/USD,SELL,8,19874,Binance
1668889835.7430303,BTC/USD,BUY,6,19868,Bybit
1668889835.7430303,BTC/USD,BUY,6,19858,FTX
1668889835.7430303,BTC/USD,BUY,9,19851,dYdX
1668889835.7430303,BTC/USD,SELL,0,19851,dYdX
1668889835.7430303,BTC/USD,BUY,7,19844,FTX
1668889835.7430303,BTC/USD,SELL,5,19844,Bybit
1668889835.7430303,BTC/USD,SELL,3,19843,Binance
1668889835.7430303,BTC/USD,SELL,4,19848,Binance
1668889835.7430303,BTC/USD,SELL,4,19851,Bybit
1668889835.7430303,BTC/USD,BUY,4,19844,FTX
1668889835.7430303,BTC/USD,SELL,7,19835,Bybit
1668889835.7430303,BTC/USD,BUY,5,19834,FTX
1668889835.7430303,BTC/USD,SELL,5,19832,FTX
1668889835.7430303,BTC/USD,BUY,7,19838,dYdX
1668889835.7430303,BTC/USD,BUY,6,19834,dYdX
1668889835.7430303,BTC/USD,BUY,2,19843,FTX
1668889835.7430303,BTC/USD,BUY,0,19842,Bybit
1668889835.7430303,BTC/USD,SELL,1,19837,Bybit
1668889835.7430303,BTC/USD,BUY,7,19835,Bybit
1668889835.7430303,BTC/USD,BUY,0,19842,FTX
1668889835.7430303,BTC/USD,BUY,9,19842,Bybit
1668889835.7430303,BTC/USD,BUY,9,19848,Binance
1668889835.7430303,BTC/USD,BUY,3,19840,Binance
1668889835.7430303,BTC/USD,SELL,1,19832,Bybit
1668889835.7430303,BTC/USD,SELL,7,19823,Bybit
1668889835.7430303,BTC/USD,BUY,5,19832,Binance
1668889835.7430303,BTC/USD,BUY,4,19834,Bybit
1668889835.7430303,BTC/USD,SELL,8,19826,FTX
1668889835.7430303,BTC/USD,BUY,3,19829,FTX
1668889835.7430303,BTC/USD,BUY,3,19824,FTX
1668889835.7430303,BTC/USD,SELL,4,19828,dYdX
1668889835.7430303,BTC/USD,BUY,3,19834,Binance
1668889835.7430303,BTC/USD,SELL,1,19826,dYdX
1668889835.7430303,BTC/USD,SELL,7,19834,dYdX
1668889835.7430303,BTC/USD,BUY,2,19832,Binance
1668889835.7430303,BTC/USD,BUY,0,19829,Binance
1668889835.7430303,BTC/USD,SELL,9,19826,Binance
1668889835.7430303,BTC/USD,SELL,9,19820,dYdX
1668889835.7430303,BTC/USD,SELL,6,19810,Bybit
1668889835.7440279,BTC/USD,SELL,5,19812,dYdX
1668889835.7440279,BTC/USD,BUY,0,19818,Bybit
1668889835.7440279,BTC/USD,SELL,0,19814,Bybit
1668889835.7440279,BTC/USD,BUY,8,19805,FTX
1668889835.7440279,BTC/USD,BUY,3,19801,dYdX
1668889835.7440279,BTC/USD,SELL,5,19800,dYdX
1668889835.7440279,BTC/USD,SELL,1,19796,Binance
1668889835.7440279,BTC/USD,SELL,1,19786,Binance
1668889835.7440279,BTC/USD,BUY,9,19777,dYdX
1668889835.7440279,BTC/USD,SELL,9,19787,Binance
1668889835.7440279,BTC/USD,BUY,1,19787,Bybit
1668889835.7440279,BTC/USD,SELL,7,19796,Binance
1668889835.7440279,BTC/USD,SELL,3,19800,Bybit
1668889835.7440279,BTC/USD,SELL,4,19804,dYdX
1668889835.7440279,BTC/USD,SELL,8,19796,dYdX
1668889835.7440279,BTC/USD,BUY,9,19799,Binance
1668889835.7440279,BTC/USD,SELL,3,19805,Bybit
1668889835.7440279,BTC/USD,SELL,9,19795,Binance
1668889835.7440279,BTC/USD,BUY,0,19794,dYdX
1668889835.7440279,BTC/USD,SELL,5,19791,FTX
1668889835.7440279,BTC/USD,SELL,1,19790,FTX
1668889835.7440279,BTC/USD,BUY,6,19781,FTX
1668889835.7440279,BTC/USD,SELL,6,19785,Bybit
1668889835.7440279,BTC/USD,BUY,8,19780,dYdX
1668889835.7440279,BTC/USD,SELL,5,19785,dYdX
1668889835.7440279,BTC/USD,BUY,3,19793,dYdX
1668889835.7440279,BTC/USD,SELL,1,19788,FTX
1668889835.7440279,BTC/USD,SELL,4,19796,dYdX
1668889835.7440279,BTC/USD,BUY,7,19798,Bybit
1668889835.7440279,BTC/USD,SELL,8,19798,Bybit
1668889835.7440279,BTC/USD,BUY,0,19807,dYdX
1668889835.7440279,BTC/USD,SELL,8,19809,Binance
1668889835.7440279,BTC/USD,BUY,3,19815,Binance
1668889835.7440279,BTC/USD,SELL,0,19808,Binance
1668889835.7440279,BTC/USD,SELL,1,19815,Binance
1668889835.7440279,BTC/USD,BUY,7,19805,Binance
1668889835.7440279,BTC/USD,BUY,1,19811,dYdX
1668889835.7440279,BTC/USD,SELL,9,19814,dYdX
1668889835.7440279,BTC/USD,BUY,9,19813,FTX
1668889835.7440279,BTC/USD,BUY,2,19806,FTX
1668889835.7440279,BTC/USD,BUY,3,19816,Binance
1668889835.7440279,BTC/USD,SELL,8,19819,Bybit
1668889835.7440279,BTC/USD,BUY,4,19814,FTX
1668889835.7440279,BTC/USD,BUY,5,19808,dYdX
1668889835.7440279,BTC/USD,BUY,8,19807,Bybit
1668889835.7440279,BTC/USD,BUY,8,19807,dYdX
1668889835.7440279,BTC/USD,SELL,9,19800,Binance
1668889835.7440279,BTC/USD,SELL,9,19798,Binance
1668889835.7440279,BTC/USD,SELL,1,19804,Bybit
1668889835.7440279,BTC/USD,SELL,6,19799,FTX
1668889835.7440279,BTC/USD,BUY,0,19805,Binance
1668889835.7440279,BTC/USD,SELL,6,19805,FTX
1668889835.7440279,BTC/USD,BUY,7,19796,FTX
1668889835.7440279,BTC/USD,BUY,5,19790,Bybit
1668889835.7440279,BTC/USD,BUY,7,19800,FTX
1668889835.7440279,BTC/USD,SELL,6,19810,dYdX
1668889835.7440279,BTC/USD,SELL,5,19808,dYdX
1668889835.7440279,BTC/USD,BUY,0,19814,dYdX
1668889835.7440279,BTC/USD,SELL,0,19820,Bybit
1668889835.7440279,BTC/USD,SELL,0,19814,Bybit
1668889835.7440279,BTC/USD,SELL,0,19809,FTX
1668889835.7440279,BTC/USD,BUY,8,19817,Bybit
1668889835.7440279,BTC/USD,BUY,0,19821,Binance
1668889835.7440279,BTC/USD,BUY,6,19811,Bybit
1668889835.7440279,BTC/USD,BUY,9,19801,Binance
1668889835.7440279,BTC/USD,BUY,2,19811,FTX
1668889835.7440279,BTC/USD,BUY,0,19819,dYdX
1668889835.7440279,BTC/USD,SELL,5,19824,dYdX
1668889835.7440279,BTC/USD,BUY,8,19818,Binance
1668889835.7440279,BTC/USD,SELL,8,19825,dYdX
1668889835.7440279,BTC/USD,BUY,1,19816,Binance
1668889835.7440279,BTC/USD,SELL,7,19819,dYdX
1668889835.7440279,BTC/USD,BUY,0,19820,FTX
1668889835.7440279,BTC/USD,BUY,7,19825,Bybit
1668889835.7440279,BTC/USD,BUY,1,19828,Bybit
1668889835.7440279,BTC/USD,SELL,9,19826,Binance
1668889835.7440279,BTC/USD,SELL,5,19825,Binance
1668889835.7440279,BTC/USD,BUY,3,19827,Bybit
1668889835.7440279,BTC/USD,SELL,3,19830,FTX
1668889835.7440279,BTC/USD,BUY,8,19824,FTX
1668889835.7440279,BTC/USD,BUY,6,19831,Bybit
1668889835.7440279,BTC/USD,BUY,0,19835,dYdX
1668889835.7440279,BTC/USD,BUY,8,19838,dYdX
1668889835.7440279,BTC/USD,SELL,5,19833,dYdX
1668889835.7440279,BTC/USD,SELL,1,19831,dYdX
1668889835.7440279,BTC/USD,SELL,6,19828,FTX
1668889835.7440279,BTC/USD,BUY,9,19829,Binance
1668889835.7440279,BTC/USD,SELL,3,19824,dYdX
1668889835.7440279,BTC/USD,BUY,0,19826,dYdX
1668889835.7440279,BTC/USD,BUY,2,19833,FTX
1668889835.7440279,BTC/USD,BUY,6,19831,Bybit
1668889835.7440279,BTC/USD,SELL,9,19839,dYdX
1668889835.7440279,BTC/USD,SELL,4,19848,Bybit
1668889835.7440279,BTC/USD,BUY,8,19841,FTX
1668889835.7440279,BTC/USD,BUY,5,19832,Bybit
1668889835.7440279,BTC/USD,BUY,9,19831,dYdX
1668889835.7440279,BTC/USD,SELL,2,19838,dYdX
1668889835.7440279,BTC/USD,SELL,0,19834,FTX
1668889835.7440279,BTC/USD,BUY,4,19824,Binance
1668889835.7440279,BTC/USD,SELL,8,19825,dYdX
1668889835.7440279,BTC/USD,SELL,1,19835,Binance
1668889835.7440279,BTC/USD,BUY,8,19831,Binance
1668889835.7440279,BTC/USD,BUY,1,19830,dYdX
1668889835.7440279,BTC/USD,BUY,6,19834,Binance
1668889835.7440279,BTC/USD,BUY,1,19840,Bybit
1668889835.7440279,BTC/USD,SELL,0,19834,dYdX
1668889835.7440279,BTC/USD,SELL,4,19828,Bybit
1668889835.7440279,BTC/USD,SELL,5,19829,dYdX
1668889835.7440279,BTC/USD,BUY,0,19823,Binance
1668889835.7440279,BTC/USD,SELL,4,19821,FTX
1668889835.7440279,BTC/USD,BUY,0,19829,FTX
1668889835.7440279,BTC/USD,SELL,8,19824,Binance
1668889835.7440279,BTC/USD,BUY,7,19830,Binance
1668889835.7440279,BTC/USD,SELL,2,19823,Binance
1668889835.7440279,BTC/USD,SELL,7,19820,Binance
1668889835.7440279,BTC/USD,SELL,0,19818,Binance
1668889835.7440279,BTC/USD,SELL,1,19813,FTX
1668889835.7440279,BTC/USD,SELL,0,19810,Bybit
1668889835.7440279,BTC/USD,SELL,9,19818,Binance
1668889835.7440279,BTC/USD,BUY,1,19817,Binance
1668889835.7440279,BTC/USD,SELL,2,19822,dYdX
1668889835.7440279,BTC/USD,SELL,4,19832,dYdX
1668889835.7440279,BTC/USD,SELL,5,19833,FTX
1668889835.7440279,BTC/USD,BUY,1,19823,FTX
1668889835.7440279,BTC/USD,BUY,4,19832,Binance
1668889835.7440279,BTC/USD,BUY,8,19837,dYdX
1668889835.7440279,BTC/USD,BUY,2,19843,Bybit
1668889835.7440279,BTC/USD,SELL,3,19841,FTX
1668889835.7440279,BTC/USD,SELL,6,19847,Bybit
1668889835.7440279,BTC/USD,SELL,1,19845,Binance
1668889835.7440279,BTC/USD,BUY,1,19855,Bybit
1668889835.7440279,BTC/USD,SELL,2,19857,Bybit
1668889835.7440279,BTC/USD,BUY,4,19849,Bybit
1668889835.7440279,BTC/USD,BUY,7,19843,dYdX
1668889835.7440279,BTC/USD,BUY,7,19849,Bybit
1668889835.7440279,BTC/USD,SELL,6,19853,Bybit
1668889835.7440279,BTC/USD,BUY,3,19848,FTX
1668889835.7440279,BTC/USD,BUY,6,19843,Bybit
1668889835.7440279,BTC/USD,SELL,3,19838,FTX
1668889835.7440279,BTC/USD,BUY,4,19836,dYdX
1668889835.7440279,BTC/USD,SELL,4,19845,FTX
1668889835.7440279,BTC/USD,BUY,4,19845,dYdX
1668889835.7440279,BTC/USD,SELL,6,19849,FTX
1668889835.7440279,BTC/USD,SELL,0,19850,FTX
1668889835.7440279,BTC/USD,BUY,2,19848,FTX
1668889835.7440279,BTC/USD,BUY,5,19854,FTX
1668889835.7440279,BTC/USD,SELL,5,19855,Bybit
1668889835.7440279,BTC/USD,BUY,0,19845,Bybit
1668889835.7440279,BTC/USD,BUY,6,19839,dYdX
1668889835.7440279,BTC/USD,BUY,2,19846,dYdX
1668889835.7440279,BTC/USD,BUY,2,19853,FTX
1668889835.7440279,BTC/USD,BUY,8,19859,Bybit
1668889835.7440279,BTC/USD,BUY,2,19862,Bybit
1668889835.7440279,BTC/USD,BUY,1,19856,dYdX
1668889835.7440279,BTC/USD,BUY,9,19859,Binance
1668889835.7440279,BTC/USD,BUY,2,19860,dYdX
1668889835.7440279,BTC/USD,SELL,0,19864,Bybit
1668889835.7440279,BTC/USD,BUY,1,19858,Bybit
1668889835.7440279,BTC/USD,BUY,1,19853,Binance
1668889835.7440279,BTC/USD,SELL,1,19856,dYdX
1668889835.7440279,BTC/USD,SELL,0,19846,dYdX
1668889835.7440279,BTC/USD,BUY,6,19845,Bybit
1668889835.7440279,BTC/USD,SELL,5,19855,dYdX
1668889835.7440279,BTC/USD,BUY,8,19859,dYdX
1668889835.7440279,BTC/USD,BUY,9,19861,Bybit
1668889835.7440279,BTC/USD,BUY,7,19871,Binance
1668889835.7440279,BTC/USD,BUY,7,19871,Bybit
1668889835.7440279,BTC/USD,BUY,5,19877,dYdX
1668889835.7440279,BTC/USD,BUY,1,19883,FTX
1668889835.7440279,BTC/USD,BUY,0,19893,FTX
1668889835.7440279,BTC/USD,BUY,8,19893,dYdX
1668889835.7440279,BTC/USD,SELL,0,19889,dYdX
1668889835.7440279,BTC/USD,BUY,0,19893,dYdX
1668889835.7440279,BTC/USD,BUY,3,19888,Binance
1668889835.7440279,BTC/USD,BUY,4,19884,Bybit
1668889835.7440279,BTC/USD,SELL,8,19879,dYdX
1668889835.7440279,BTC/USD,BUY,4,19880,dYdX
1668889835.7440279,BTC/USD,BUY,8,19879,dYdX
1668889835.7440279,BTC/USD,SELL,9,19886,Binance
1668889835.7440279,BTC/USD,SELL,7,19877,dYdX
1668889835.7440279,BTC/USD,SELL,3,19869,Binance
1668889835.7440279,BTC/USD,BUY,5,19865,dYdX
1668889835.7440279,BTC/USD,BUY,6,19858,dYdX
1668889835.7440279,BTC/USD,BUY,5,19858,dYdX
1668889835.7440279,BTC/USD,BUY,0,19855,dYdX
1668889835.7440279,BTC/USD,BUY,1,19857,Binance
1668889835.7440279,BTC/USD,SELL,6,19862,Bybit
1668889835.7440279,BTC/USD,SELL,8,19852,Binance
1668889835.7440279,BTC/USD,BUY,0,19853,Binance
1668889835.7440279,BTC/USD,SELL,5,19853,dYdX
1668889835.7440279,BTC/USD,SELL,7,19854,dYdX
1668889835.7440279,BTC/USD,SELL,2,19845,FTX
1668889835.7450645,BTC/USD,SELL,4,19842,FTX
1668889835.7450645,BTC/USD,BUY,4,19834,Binance
1668889835.7450645,BTC/USD,SELL,2,19828,Bybit
1668889835.7450645,BTC/USD,BUY,8,19834,Bybit
1668889835.7450645,BTC/USD,SELL,2,19828,Binance
1668889835.7450645,BTC/USD,SELL,0,19835,FTX
1668889835.7450645,BTC/USD,SELL,4,19832,FTX
1668889835.7450645,BTC/USD,BUY,7,19833,Binance
1668889835.7450645,BTC/USD,BUY,3,19835,Binance
1668889835.7450645,BTC/USD,BUY,4,19845,dYdX
1668889835.7450645,BTC/USD,SELL,7,19848,dYdX
1668889835.7450645,BTC/USD,SELL,7,19853,FTX
1668889835.7450645,BTC/USD,SELL,9,19843,dYdX
1668889835.7450645,BTC/USD,SELL,2,19836,FTX
1668889835.7450645,BTC/USD,SELL,9,19830,Bybit
1668889835.7450645,BTC/USD,SELL,9,19836,Bybit
1668889835.7450645,BTC/USD,SELL,8,19829,dYdX
1668889835.7450645,BTC/USD,BUY,6,19823,Binance
1668889835.7450645,BTC/USD,BUY,3,19813,FTX
1668889835.7450645,BTC/USD,BUY,8,19814,dYdX
1668889835.7450645,BTC/USD,BUY,0,19817,dYdX
1668889835.7450645,BTC/USD,BUY,8,19827,Bybit
1668889835.7450645,BTC/USD,SELL,5,19834,Bybit
1668889835.7450645,BTC/USD,SELL,9,19835,Bybit
1668889835.7450645,BTC/USD,SELL,4,19829,Binance
1668889835.7450645,BTC/USD,SELL,6,19828,FTX
1668889835.7450645,BTC/USD,SELL,4,19822,FTX
1668889835.7450645,BTC/USD,SELL,3,19823,Bybit
1668889835.7450645,BTC/USD,SELL,8,19820,Binance
1668889835.7450645,BTC/USD,SELL,7,19827,Binance
1668889835.7450645,BTC/USD,BUY,4,19824,FTX
1668889835.7450645,BTC/USD,SELL,7,19822,dYdX
1668889835.7450645,BTC/USD,SELL,6,19828,Binance
1668889835.7450645,BTC/USD,SELL,1,19832,FTX
1668889835.7450645,BTC/USD,SELL,5,19829,Binance
1668889835.7450645,BTC/USD,SELL,2,19834,dYdX
1668889835.7450645,BTC/USD,BUY,8,19827,Bybit
1668889835.7450645,BTC/USD,SELL,9,19827,Bybit
1668889835.7450645,BTC/USD,BUY,1,19824,dYdX
1668889835.7450645,BTC/USD,BUY,3,19827,Bybit
1668889835.7450645,BTC/USD,SELL,7,19820,dYdX
1668889835.7450645,BTC/USD,BUY,7,19821,FTX
1668889835.7450645,BTC/USD,SELL,4,19817,FTX
1668889835.7450645,BTC/USD,BUY,2,19814,dYdX
1668889835.7450645,BTC/USD,BUY,3,19809,dYdX
1668889835.7450645,BTC/USD,SELL,9,19816,Binance
1668889835.7450645,BTC/USD,SELL,1,19821,FTX
1668889835.7450645,BTC/USD,BUY,9,19826,dYdX
1668889835.7450645,BTC/USD,SELL,6,19829,FTX
1668889835.7450645,BTC/USD,SELL,7,19822,Binance
1668889835.7450645,BTC/USD,SELL,0,19830,dYdX
1668889835.7450645,BTC/USD,BUY,8,19830,FTX
1668889835.7450645,BTC/USD,SELL,7,19834,Bybit
1668889835.7450645,BTC/USD,SELL,5,19834,FTX
1668889835.7450645,BTC/USD,BUY,1,19835,Bybit
1668889835.7450645,BTC/USD,BUY,3,19840,Binance
1668889835.7450645,BTC/USD,BUY,6,19841,Bybit
1668889835.7450645,BTC/USD,SELL,5,19834,Bybit
1668889835.7450645,BTC/USD,SELL,6,19834,Bybit
1668889835.7450645,BTC/USD,SELL,0,19830,Binance
1668889835.7450645,BTC/USD,SELL,9,19831,Bybit
1668889835.7450645,BTC/USD,BUY,8,19827,dYdX
1668889835.7450645,BTC/USD,BUY,7,19827,Bybit
1668889835.7450645,BTC/USD,SELL,1,19825,Binance
1668889835.7450645,BTC/USD,SELL,3,19826,FTX
1668889835.7450645,BTC/USD,BUY,2,19832,Bybit
1668889835.7450645,BTC/USD,SELL,2,19831,dYdX
1668889835.7450645,BTC/USD,BUY,6,19827,FTX
1668889835.7450645,BTC/USD,SELL,6,19821,Binance
1668889835.7450645,BTC/USD,SELL,3,19811,Binance
1668889835.7450645,BTC/USD,SELL,0,19802,Bybit
1668889835.7450645,BTC/USD,BUY,5,19808,Bybit
1668889835.7450645,BTC/USD,SELL,0,19804,Bybit
1668889835.7450645,BTC/USD,BUY,6,19813,Bybit
1668889835.7450645,BTC/USD,SELL,5,19813,dYdX
1668889835.7450645,BTC/USD,SELL,9,19811,Binance
1668889835.7450645,BTC/USD,SELL,8,19810,FTX
1668889835.7450645,BTC/USD,BUY,5,19813,FTX
1668889835.7450645,BTC/USD,BUY,6,19811,Binance
1668889835.7450645,BTC/USD,BUY,9,19820,Binance
1668889835.7450645,BTC/USD,BUY,8,19830,Binance
1668889835.7450645,BTC/USD,SELL,8,19838,dYdX
1668889835.7450645,BTC/USD,BUY,6,19833,FTX
1668889835.7450645,BTC/USD,SELL,1,19836,Bybit
1668889835.7450645,BTC/USD,BUY,1,19834,FTX
1668889835.7450645,BTC/USD,BUY,5,19839,FTX
1668889835.7450645,BTC/USD,SELL,8,19840,Bybit
1668889835.7450645,BTC/USD,BUY,6,19839,FTX
1668889835.7450645,BTC/USD,BUY,3,19840,FTX
1668889835.7450645,BTC/USD,SELL,0,19830,Binance
1668889835.7450645,BTC/USD,SELL,9,19826,Binance
1668889835.7450645,BTC/USD,SELL,7,19828,Binance
1668889835.7450645,BTC/USD,SELL,6,19821,dYdX
1668889835.7450645,BTC/USD,SELL,8,19815,Binance
1668889835.7450645,BTC/USD,BUY,3,19810,dYdX
1668889835.7450645,BTC/USD,BUY,5,19820,Bybit
1668889835.7450645,BTC/USD,BUY,8,19829,dYdX
1668889835.7450645,BTC/USD,BUY,8,19830,Bybit
1668889835.7450645,BTC/USD,BUY,3,19821,FTX
1668889835.7450645,BTC/USD,SELL,8,19827,Bybit
1668889835.7450645,BTC/USD,BUY,7,19826,FTX
1668889835.7450645,BTC/USD,BUY,9,19825,dYdX
1668889835.7450645,BTC/USD,SELL,5,19818,Bybit
1668889835.7450645,BTC/USD,BUY,4,19823,Binance
1668889835.7450645,BTC/USD,BUY,0,19829,Binance
1668889835.7450645,BTC/USD,BUY,9,19828,FTX
1668889835.7450645,BTC/USD,BUY,5,19833,Bybit
1668889835.7450645,BTC/USD,BUY,5,19830,Binance
1668889835.7450645,BTC/USD,BUY,6,19820,Binance
1668889835.7450645,BTC/USD,SELL,8,19823,Binance
1668889835.7450645,BTC/USD,SELL,6,19816,Binance
1668889835.7450645,BTC/USD,SELL,8,19823,dYdX
1668889835.7450645,BTC/USD,BUY,7,19829,Bybit
1668889835.7450645,BTC/USD,SELL,6,19821,FTX
1668889835.7450645,BTC/USD,BUY,9,19816,dYdX
1668889835.7450645,BTC/USD,BUY,5,19821,Binance
1668889835.7450645,BTC/USD,SELL,2,19823,FTX
1668889835.7450645,BTC/USD,SELL,8,19827,FTX
1668889835.7450645,BTC/USD,BUY,9,19822,FTX
1668889835.7450645,BTC/USD,SELL,7,19827,FTX
1668889835.7450645,BTC/USD,BUY,9,19832,Binance
1668889835.7450645,BTC/USD,BUY,8,19826,Binance
1668889835.7450645,BTC/USD,BUY,1,19816,Binance
1668889835.7450645,BTC/USD,SELL,0,19806,Bybit
1668889835.7450645,BTC/USD,BUY,0,19808,dYdX
1668889835.7450645,BTC/USD,SELL,7,19812,Bybit
1668889835.7450645,BTC/USD,BUY,2,19822,Binance
1668889835.7450645,BTC/USD,SELL,1,19823,Binance
1668889835.7450645,BTC/USD,SELL,3,19820,dYdX
1668889835.7450645,BTC/USD,BUY,0,19819,Bybit
1668889835.7450645,BTC/USD,SELL,6,19813,Binance
1668889835.7450645,BTC/USD,BUY,8,19806,Binance
1668889835.7450645,BTC/USD,BUY,0,19806,dYdX
1668889835.7450645,BTC/USD,BUY,0,19806,dYdX
1668889835.7450645,BTC/USD,BUY,8,19796,FTX
1668889835.7450645,BTC/USD,SELL,5,19797,dYdX
1668889835.7450645,BTC/USD,BUY,5,19797,FTX
1668889835.7450645,BTC/USD,SELL,3,19794,Bybit
1668889835.7450645,BTC/USD,BUY,0,19791,Binance
1668889835.7450645,BTC/USD,BUY,6,19788,FTX
1668889835.7450645,BTC/USD,BUY,8,19789,Bybit
1668889835.7450645,BTC/USD,SELL,0,19788,Binance
1668889835.7450645,BTC/USD,SELL,8,19783,Binance
1668889835.7450645,BTC/USD,SELL,5,19792,Binance
1668889835.7450645,BTC/USD,BUY,7,19782,dYdX
1668889835.7450645,BTC/USD,BUY,6,19775,FTX
1668889835.7450645,BTC/USD,BUY,8,19784,dYdX
1668889835.7450645,BTC/USD,BUY,6,19785,Bybit
1668889835.7450645,BTC/USD,BUY,3,19790,FTX
1668889835.7450645,BTC/USD,SELL,3,19794,Binance
1668889835.7450645,BTC/USD,SELL,8,19804,FTX
1668889835.7450645,BTC/USD,BUY,7,19810,Binance
1668889835.7450645,BTC/USD,SELL,3,19811,Bybit
1668889835.7450645,BTC/USD,SELL,6,19811,FTX
1668889835.7450645,BTC/USD,SELL,9,19815,Bybit
1668889835.7450645,BTC/USD,BUY,4,19805,dYdX
1668889835.7450645,BTC/USD,BUY,4,19805,dYdX
1668889835.7450645,BTC/USD,BUY,5,19813,dYdX
1668889835.7450645,BTC/USD,SELL,3,19814,Bybit
1668889835.7450645,BTC/USD,BUY,8,19804,dYdX
1668889835.7450645,BTC/USD,SELL,6,19812,dYdX
1668889835.7450645,BTC/USD,SELL,3,19816,FTX
1668889835.7450645,BTC/USD,SELL,1,19816,dYdX
1668889835.7450645,BTC/USD,SELL,9,19808,dYdX
1668889835.7450645,BTC/USD,SELL,0,19810,Bybit
1668889835.7450645,BTC/USD,BUY,9,19815,dYdX
1668889835.7450645,BTC/USD,BUY,1,19812,Binance
1668889835.7450645,BTC/USD,SELL,6,19806,dYdX
1668889835.7450645,BTC/USD,SELL,6,19806,FTX
1668889835.7450645,BTC/USD,SELL,4,19797,Binance
1668889835.7450645,BTC/USD,SELL,9,19807,Bybit
1668889835.7450645,BTC/USD,SELL,0,19798,Binance
1668889835.7450645,BTC/USD,SELL,2,19793,FTX
1668889835.7450645,BTC/USD,BUY,8,19790,Binance
1668889835.7450645,BTC/USD,BUY,9,19796,dYdX
1668889835.7450645,BTC/USD,SELL,9,19792,dYdX
1668889835.7450645,BTC/USD,BUY,6,19792,dYdX
1668889835.7450645,BTC/USD,BUY,5,19793,Binance
1668889835.7450645,BTC/USD,SELL,7,19790,FTX
1668889835.7450645,BTC/USD,BUY,0,19798,FTX
1668889835.7450645,BTC/USD,SELL,9,19799,dYdX
1668889835.7450645,BTC/USD,BUY,6,19791,dYdX
1668889835.7450645,BTC/USD,BUY,0,19797,FTX
1668889835.7450645,BTC/USD,BUY,8,19793,Binance
1668889835.7450645,BTC/USD,SELL,3,19790,FTX
1668889835.7450645,BTC/USD,SELL,0,19796,dYdX
1668889835.7450645,BTC/USD,BUY,2,19803,Binance
1668889835.7450645,BTC/USD,SELL,8,19810,Binance
1668889835.7450645,BTC/USD,BUY,6,19817,dYdX
1668889835.7450645,BTC/USD,BUY,0,19818,Bybit
1668889835.7450645,BTC/USD,BUY,4,19818,FTX
1668889835.7450645,BTC/USD,BUY,5,19818,dYdX
1668889835.7450645,BTC/USD,BUY,7,19822,FTX
1668889835.7450645,BTC/USD,BUY,6,19832,Binance
1668889835.7450645,BTC/USD,SELL,6,19841,dYdX
1668889835.746064,BTC/USD,SELL,9,19846,Binance
1668889835.746064,BTC/USD,BUY,8,19844,Bybit
1668889835.746064,BTC/USD,SELL,2,19835,Binance
1668889835.746064,BTC/USD,BUY,8,19825,Binance
1668889835.746064,BTC/USD,SELL,7,19820,Binance
1668889835.746064,BTC/USD,BUY,2,19819,FTX
1668889835.746064,BTC/USD,SELL,6,19815,Bybit
1668889835.746064,BTC/USD,BUY,1,19822,Bybit
1668889835.746064,BTC/USD,SELL,1,19816,Bybit
1668889835.746064,BTC/USD,SELL,2,19816,Bybit
1668889835.746064,BTC/USD,BUY,3,19813,Bybit
1668889835.746064,BTC/USD,BUY,4,19812,Binance
1668889835.746064,BTC/USD,BUY,7,19805,FTX
1668889835.746064,BTC/USD,SELL,4,19813,Bybit
1668889835.746064,BTC/USD,BUY,4,19803,Binance
1668889835.746064,BTC/USD,SELL,9,19799,FTX
1668889835.746064,BTC/USD,BUY,2,19797,FTX
1668889835.746064,BTC/USD,SELL,0,19788,dYdX
1668889835.746064,BTC/USD,BUY,3,19797,dYdX
1668889835.746064,BTC/USD,SELL,4,19796,Bybit
1668889835.746064,BTC/USD,SELL,8,19791,Bybit
1668889835.746064,BTC/USD,SELL,8,19801,Binance
1668889835.746064,BTC/USD,BUY,2,19800,FTX
1668889835.746064,BTC/USD,SELL,3,19809,Bybit
1668889835.746064,BTC/USD,SELL,9,19817,Binance
1668889835.746064,BTC/USD,BUY,1,19827,dYdX
1668889835.746064,BTC/USD,SELL,4,19832,Bybit
1668889835.746064,BTC/USD,BUY,4,19826,Binance
1668889835.746064,BTC/USD,SELL,6,19820,Binance
1668889835.746064,BTC/USD,SELL,8,19817,Bybit
1668889835.746064,BTC/USD,SELL,6,19819,Bybit
1668889835.746064,BTC/USD,BUY,7,19817,FTX
1668889835.746064,BTC/USD,SELL,4,19807,Binance
1668889835.746064,BTC/USD,BUY,7,19798,Bybit
1668889835.746064,BTC/USD,SELL,0,19799,Binance
1668889835.746064,BTC/USD,SELL,4,19805,Bybit
1668889835.746064,BTC/USD,BUY,8,19796,FTX
1668889835.746064,BTC/USD,BUY,2,19796,FTX
1668889835.746064,BTC/USD,BUY,4,19800,Binance
1668889835.746064,BTC/USD,SELL,1,19800,Binance
1668889835.746064,BTC/USD,BUY,5,19790,Bybit
1668889835.746064,BTC/USD,BUY,4,19783,Binance
1668889835.746064,BTC/USD,SELL,7,19779,FTX
1668889835.746064,BTC/USD,SELL,9,19780,Bybit
1668889835.746064,BTC/USD,BUY,2,19789,FTX
1668889835.746064,BTC/USD,SELL,2,19788,FTX
1668889835.746064,BTC/USD,SELL,1,19796,dYdX
1668889835.746064,BTC/USD,BUY,3,19798,dYdX
